Workbook

Sheet Dashboard
A1: ภาพรวมการจัดการทรัพย์สิน
A2: ="สรุปรายการทรัพย์สินและสต็อก | อัปเดต "&TEXT(TODAY(),"dd mmm yyyy") -> สรุปรายการทรัพย์สินและสต็อก | อัปเดต 30 Sep 2026
A4: อุปกรณ์ที่ใช้งาน | C4: คอมพิวเตอร์ในสต็อก | E4: รายการชำรุด | G4: เมาส์คงเหลือ | I4: คีย์บอร์ดคงเหลือ
A5: =COUNTA(Asset!A2:A1000) -> 5 | C5: =COUNTA('Stock IT'!B2:B1000) -> 14 | E5: =COUNTA(Damage!B2:B1000) -> 6 | G5: =IFERROR('Mouse,Key'!C3,'Mouse,Key'!D2) -> 23 | I5: =IFERROR('Mouse,Key'!I3,'Mouse,Key'!J2) -> 15
A10: อุปกรณ์ที่ใช้งานตามประเภท | D10: คอมพิวเตอร์ในสต็อก | G10: อุปกรณ์เสริมคงเหลือ
A11: ประเภท | B11: จำนวน | D11: ประเภท | E11: จำนวน | G11: อุปกรณ์ | H11: คงเหลือ
A12: Notebook | B12: =COUNTIF(Asset!E2:E1000,"Notebook") -> 3 | D12: Notebook | E12: =COUNTIF('Stock IT'!A2:A1000,"Notebook") -> 3 | G12: เมาส์ | H12: =IFERROR('Mouse,Key'!C3,'Mouse,Key'!D2) -> 23
A13: PC | B13: =COUNTIF(Asset!E2:E1000,"PC") -> 2 | D13: PC | E13: =COUNTIF('Stock IT'!A2:A1000,"PC") -> 11 | G13: คีย์บอร์ด | H13: =IFERROR('Mouse,Key'!I3,'Mouse,Key'!J2) -> 15
A14: อื่น ๆ | B14: =COUNTA(Asset!E2:E1000)-SUM(B12:B13) -> 0
A17: สาเหตุของรายการชำรุด | D17: เปิดชีตข้อมูล
A18: สาเหตุ | B18: จำนวน | D18: =HYPERLINK("#'Asset'!A1","รายการทรัพย์สินที่ใช้งาน") -> รายการทรัพย์สินที่ใช้งาน
A19: ขาพับจอเสีย | B19: =COUNTIF(Damage!G2:G1000,"*"&A19&"*") -> 3 | D19: =HYPERLINK("#'Stock IT'!A1","สต็อกคอมพิวเตอร์") -> สต็อกคอมพิวเตอร์
A20: ช่องUSBเสีย2ช่อง | B20: =COUNTIF(Damage!G2:G1000,"*"&A20&"*") -> 2 | D20: =HYPERLINK("#'Mouse,Key'!A1","สต็อกเมาส์และคีย์บอร์ด") -> สต็อกเมาส์และคีย์บอร์ด
A21: แบตเสื่อม | B21: =COUNTIF(Damage!G2:G1000,"*"&A21&"*") -> 1 | D21: =HYPERLINK("#'Damage'!A1","รายการชำรุด") -> รายการชำรุด

Sheet Asset
A1: User Name | B1: Depart | C1: Location | D1: Computer Name | E1: Type | F1: Serial No. | G1: Brand | H1: Adepter | I1: Mouse | J1: Keyboard | K1: Monitor
A2: PVilaikan | B2: HR | C2: Office | D2: PVilaikan | E2: Notebook | F2: PF54X1CG | G2: Dell | H2: / | I2: /
A3: Pachari Wongmuang [Pla] | B3: inbound | C3: inbound | D3: inbound01 | E3: PC | F3: GM0RFR3W | G3: Lenovo | I3: / | J3: / | K3: /
A4: Salinthip Seesuwong | B4: B2B | C4: B2B | D4: Salinthip-Seesuwong-B2B | E4: Notebook | F4: PF5504GA | G4: Lenovo | H4: / | I4: /
A5: Pachari Wongmuang [Pla] | B5: inbound | C5: inbound | D5: Inbound4 | E5: Notebook | F5: 7BV3BG3 | G5: Dell | H5: / | I5: /
A6: หัวหน้าB2B | B6: B2B | C6: B2B | D6: B2B01 | E6: PC | F6: GM0RFR4T | G6: Lenovo | I6: / | J6: / | K6: /

Sheet Stock IT
A1: Type | B1: Serial No. | C1: Brand | D1: Series | E1: Warranty | F1: Adepter | H1: Mouse
A2: Notebook | B2: 8KPQMJ3 | C2: Dell | D2: Inspiron 15 3511 | E2: End | F2: / | H2: รายการเบิก | I2: จำนวนเบิก | J2: คงเหลือ | K2: 23
A3: Notebook | B3: PF54ZFSQ | C3: Lenovo | D3: IdeaPad Slim 3 14IAH8 - Type 83EQ | E3: พ.ย. 2026 | F3: / | J3: =K2-I3 -> 23
A4: Notebook | B4: PF5495LL | C4: Lenovo | D4: IdeaPad Slim 3 15IRH8 - Type 83EM | E4: End | F4: /
A5: PC | B5: GM0J67S6 | C5: Lenovo | D5: V55t Gen 2 13ACN Desktop (Lenovo) - Type 11RN | E5: มี.ค. 2027
A6: PC | B6: GM0J67NY | C6: Lenovo | D6: V55t Gen 2 13ACN Desktop (Lenovo) - Type 11RN | E6: มี.ค. 2027
A7: PC | B7: 2N7LSH3 | C7: Dell | D7: OptiPlex 3080 Tower | E7: End
A8: PC | B8: GM0J67LZ | C8: Lenovo | D8: V55t Gen 2 13ACN Desktop (Lenovo) - Type 11RN | E8: มี.ค. 2027
A9: PC | B9: GM0J67N0 | C9: Lenovo | D9: V55t Gen 2 13ACN Desktop (Lenovo) - Type 11RN | E9: มี.ค. 2027
A10: PC | B10: GM0J67P2 | C10: Lenovo | D10: V55t Gen 2 13ACN Desktop (Lenovo) - Type 11RN | E10: มี.ค. 2027
A11: PC | B11: GM0J67R5 | C11: Lenovo | D11: V55t Gen 2 13ACN Desktop (Lenovo) - Type 11RN | E11: มี.ค. 2027
A12: PC | B12: GM0J67PS | C12: Lenovo | D12: V55t Gen 2 13ACN Desktop (Lenovo) - Type 11RN | E12: มี.ค. 2027
A13: PC | B13: GM0J67PF | C13: Lenovo | D13: V55t Gen 2 13ACN Desktop (Lenovo) - Type 11RN | E13: มี.ค. 2027
A14: PC | B14: GM0J67S3 | C14: Lenovo | D14: V55t Gen 2 13ACN Desktop (Lenovo) - Type 11RN | E14: มี.ค. 2027
A15: PC | B15: GM0J67NV | C15: Lenovo | D15: V55t Gen 2 13ACN Desktop (Lenovo) - Type 11RN | E15: มี.ค. 2027

Sheet Mouse,Key
A1: Mouse | G1: Keyboard
A2: รายการเบิก | B2: จำนวนเบิก | C2: คงเหลือ | D2: 23 | G2: รายการเบิก | H2: จำนวนเบิก | I2: คงเหลือ | J2: 15
C3: =D2-B3 -> 23 | I3: =J2-H3 -> 15

Sheet Damage
A1: Type | B1: Serial No. | C1: Brand | D1: Series | E1: Adepter | F1: Warranty | G1: Damage
A2: Notebook | B2: BZ6BNJ3 | C2: Dell | D2: Inspiron 15 3511 | F2: End | G2: ขาพับจอเสีย
A3: Notebook | B3: DZJ2HG3 | C3: Dell | D3: Latitude 3420 | E3: / | F3: End | G3: ช่องUSBเสีย2ช่อง
A4: Notebook | B4: C5BRMJ3 | C4: Dell | D4: Inspiron 15 3511 | E4: / | F4: End | G4: ขาพับจอเสีย
A5: Notebook | B5: 5R76NJ3 | C5: Dell | D5: Inspiron 15 3511 | F5: End | G5: ขาพับจอเสีย
A6: Notebook | B6: 75QWXQ2 | C6: Dell | D6: Latitude 3490 | E6: / | F6: End | G6: แบตเสื่อม
A7: Notebook | B7: 41G2HG3 | C7: Dell | D7: Latitude 3420 | E7: / | F7: End | G7: ช่องUSBเสีย2ช่อง
